name,sequence,kd_value,binding
PRR12,YAQEYEFEADEDKAD,2.6,1
IFFO1,QLREYDFEDDCDSL,3.2,1
BCOR,YSDVFEFEFSETPL,5.7,1
PAGR1,MPTEFDFDDEPVTP,6.5,1
TOP2B,PKYTFDFSEEEDDD,7.4,1
KMT2D,YDYQFDFEDDQHKI,12.4,1
KMT2C,YDYKFDFEDDQHKI,nb,0
ZNF33A_B,RDNHYEFSDCEKFL,21.7,1
NIPBL,LCRHFDFDLEDFKG,38.9,1
HOXA2,MNYEFEREIGFIN,nb,0
CTCF_Human_WT,DVSVYDFEEEQ,1.04,1
CTCF_Human_Y226F,DVSVFDFEEEQ,1.6,1
CTCF_Human_Y226A,DVSVADFEEEQ,nb,0
CTCF_Human_F228A,DVSVYDAEEEQ,nb,0
CTCF_Human_Y226_F228A,DVSVADAEEEQ,nb,0
WAPL_Human_WT_1,TGDPFGFDSDD,5.9,1
WAPL_Human_WT_2,KLEFFGFEDHE,12.43,1
WAPL_Human_WT_3,KIKYFGFDDLS,2.17,1
WAPL_Yeast_WT,KLSAFNFLDGS,10.65,1
SGO1_Human,SNDAYNFNLEE,nb,0
MCM3_Human,SYDPYDFSDTE,1.02,1
POGZ_Human,TESFYGFEEAD,nb,0
SYCP1_Human,RKMAFEFDINS,6.71,1
SYCP2_Human,VNDVYNFNLNG,nb,0
SYCP3_Human,FTRAYDFETED,1.96,1
SCC1_Yeast,EPTDFGFDLDI,nb,0
SCC2_Yeast,VSLFGSFDQQR,nb,0
BTBD7_Human,YPDFYDFSNAA,nb,0
CENPU_Human,PIDVFDFPDNS,4.03,1
ZGPAT_Human,PRNVFDFLNEK,4.03,1
ZFHX4_Human,KDSPYNFSNPP,nb,0
ZFHX3_Human,KDSPYNFSNPP,nb,0
MDC1_Human,RAQPFGFIDSD,nb,0
TFIIH_Human,PMDLFDFYEQM,nb,0
